Car Number,SOC Initial,Preference Slots,Route,Priority,Battery Capacity,Full Charge Range,KM before CS,Required time(If user provide),SOC Final,Required Time (Calculated)
23123,35,1,1,0,90.0,350.0,25.0,15.0,30,16
24,35,1,1,0,,,,17.0,31,15
45345,28,1,1,1,,,,15.0,22,13
76786,65,1,1,1,,,,,60,18
768678,44,1,1,2,,,,,40,14
5677,28,1,2,2,,,,15.0,24,17
75675,14,1,2,3,,,,,10,16
79879,41,1,2,3,,,,,35,15
7867,46,1,2,3,,,,16.0,40,17
678678,62,1,2,3,,,,,56,15
5645,18,1,3,3,,,,,15,14
